url,date,title,lat,lng,post
https://newyork.craigslist.org/mnh/mis/d/new-york-punjabi-deli/7761995781.html,2024-06-30 23:47,"
Punjabi deli (Lower East Side) ",40.7262,-73.9796,I was standing in line waiting for my curry we were having a full conversation with our eyes Yours bright blue green next to your dark skin your beautifully structured face
https://newyork.craigslist.org/mnh/mis/d/new-york-melanated-beauty-working-at/7761888705.html,2024-06-30 15:37,"
Melanated beauty working at Sky Jewelry Store (Harlem / Morningside) ",40.80932,-73.943975,I came in today Sunday with a black CROWN hat to get my battery replaced and I saw you behind the counter I wanted to introduce myself and ask you your name while I waited but my shyness got the best of me lol I still would like to get to know you Hope you see this
https://newyork.craigslist.org/brk/mis/d/brooklyn-rave-bae-cat-at-john-summit/7761884564.html,2024-06-30 15:23,"
Rave Bae “Cat” at John Summit Navy Yard ",40.6451,-73.945,I was the guy with the curly hair wearing all white from LA We danced for a bit Your name was Cat and I wasn t able to get your number before you left Doubt you ll ever see this but worth the shot cause you were a vibe
https://newyork.craigslist.org/brk/mis/d/brooklyn-looking-for-amir/7761811466.html,2024-06-30 11:34,"
Looking for Amir (Brooklyn) ",40.6505,-73.9349,Hi
https://newyork.craigslist.org/brk/mis/d/astoria-missed-connection-with-jb-on/7761796670.html,2024-06-30 10:42,"
Missed connection with JB on CazChat (Brooklyn) ",40.763355,-73.932667,Not sure what just happened but the site clinched and booted me out If this is you get back to me here It s Liz
https://newyork.craigslist.org/brk/mis/d/brooklyn-girl-on-train-with-black-and/7761739775.html,2024-06-30 1:09,"
Girl on L train with black and orange shirt. ",40.7012,-73.9436,You sat across from me You had on a black shirt that said dump him with orange letters I kept staring at your fine self and kept getting lost in your eyes I hope we cross paths again wish I could ve said sum to you but I was kinda nervous not gonna lie lol If you ever see this holla at me
https://newyork.craigslist.org/mnh/mis/d/new-york-pink-nails-at-the-jellicle/7761735782.html,2024-06-30 0:24,"
Pink Nails at the Jellicle Ball 6/29 (Downtown) ",40.712484,-74.012221,We eyed one another throughout and both had the same color off nails Hawaiian shirt and hat on me polka dots and let s call it camel on you Just saying hi and yer cute
https://newyork.craigslist.org/mnh/mis/d/new-york-middle-age-cute-man/7761725140.html,2024-06-29 22:52,"
Middle age cute man (Upper West Side) ",40.786201,-73.973866,You are the middle age man I stared outside of subway 2 had a kippah
https://newyork.craigslist.org/brk/mis/d/brooklyn-handsome-730-2x-berry-bedford/7761697228.html,2024-06-29 20:05,"
Handsome, 7.30, 2x (Berry, Bedford) (Brooklyn) ",40.7192,-73.9563,Grungy shirt noticed your face more than your clothes Did you circle the block to cross paths again 7 30ish
https://newyork.craigslist.org/mnh/mis/d/new-york-cute-guy-on-train-uptown-515/7761679281.html,2024-06-29 18:47,"
Cute guy on C train uptown 5:15 today (Downtown) ",40.7255,-73.9983,You were in a black t shirt black shorts white sneaker AirPods and had the most intensely beautiful eyes You were sitting across from me and we made eye contact a few times I had heart shaped sunglasses white short sleeve button down and spandex shorts Would love to connect
https://newyork.craigslist.org/que/mis/d/jamaica-cute-asian-girl-on-lirr/7761642077.html,2024-06-29 16:37,"
Cute Asian girl on LIRR Huntington line (Jamaica) ",40.7029,-73.8111,We both boarded the Huntington line train at Jamaica on Friday afternoon I have bleached hair and was hoping you d get off at the same station so I could say hello
https://newyork.craigslist.org/que/mis/d/brooklyn-teddy-at-horsegiirl/7761625265.html,2024-06-29 15:50,"
Teddy at Horsegiirl (Brooklyn) ",40.723,-73.9321,We talked about Giorgio moroder and Wilco under the K bridge at lady land Friday night Tell me which celebrity you said I look like I wanna hang out
https://newyork.craigslist.org/mnh/mis/d/new-york-guy-qtrain-86-2nd-lost-contact/7761537287.html,2024-06-29 12:00,"
Guy Qtrain 86/2nd - lost contact ",40.791584,-73.940392,We met on 86 2nd Q train late I was the oldergenwhite guy you were the mex latinoblatino guy we went back to my place but I lost your number Interested in meeting again Contact me please
https://newyork.craigslist.org/mnh/mis/d/new-york-summer-stage-house-music/7761528158.html,2024-06-29 11:35,"
Summer stage House music Friday night (Upper West Side) ",40.770104,-73.969274,Chilling in the park listening and feeling the vibes of the British House music from the summer stage when I enjoyed the presence of Florida visitor
https://newyork.craigslist.org/brk/mis/d/brooklyn-cute-blonde-boy-at-birdys/7761452841.html,2024-06-29 3:59,"
cute blonde boy at birdy's (bushwick) ",40.6907,-73.9274,friday night late my friends swore you cast some glances my way but i didn t want to interrupt you and your two friends too late and too tipsy to make a good impression anyways tell me where you were sitting
https://newyork.craigslist.org/que/mis/d/new-york-you-got-off-at-grand-central/7761428963.html,2024-06-28 23:22,"
❗❗you got off at Grand Central station (nyc) ",40.7517,-73.9707,You were looking to plug your phone
https://newyork.craigslist.org/que/mis/d/queens-village-queens-village-lirr/7761308828.html,2024-06-28 15:43,"
** Queens Village LIRR station: cute gal in lime green dress (Queens Village) ",40.7208,-73.7433,You were cute gal in lime green dress
https://newyork.craigslist.org/mnh/mis/d/new-york-1st-avenue-fielding/7761207463.html,2024-06-28 11:32,"
1st Avenue Fielding (East Village) ",40.726925,-73.982898,5 14 We both stopped to read a poem on the corner of 1st and St Marks You had a large backpack and a mustache You turned to talk about it and we chatted for a moment about who the author might be You mentioned you were visiting from DC and waiting to meet a friend at Goodnight Sonny I looked up the author and walked down the block with you to show you the East Village Bookstore where the window was filled with more poems I mentioned I also write and you asked if I had anything online and I said no just that I read locally a bit Your friend texted and we said goodbye but I noticed you walked across the street to read another poster I had pointed out before going for your drink and I thought that was cute
https://newyork.craigslist.org/brx/mis/d/bronx-to-the-driver-of-the-express-bus/7761111046.html,2024-06-27 23:49,"
To the Driver of the Express Bus (6/15) (Parkchester) ",40.8409,-73.8794,I got on your bus at Madison and sat up front We talked about Lego kits and your family member who makes lit up kits with her husband I tried to give you a show to pass the time while we waited for the traffic to clear up but I don t know if you noticed or even really cared to notice You guzzled down that Sprite so quickly too I hope you ve been well If you re on here that would be amazing If not oh well
https://newyork.craigslist.org/brx/mis/d/bronx-bank-of-america-teller-parkchester/7761108535.html,2024-06-27 23:31,"
Bank Of America Teller Parkchester ",40.8194,-73.8606,Most beautiful Latina teller that works at Bank of America in parkchester Your so beautiful and would love to get to know you
https://newyork.craigslist.org/brx/mis/d/new-york-man-with-long-curly-hair-and/7761084658.html,2024-06-27 20:56,"
Man with long curly hair and suit in central park (New York) ",40.7717,-73.9717,You were sitting on the bench Funny thing is I have seen you before another time You were also in a suit then But you were walking then Wearing these small over the ear headphones Very 90s of you Your hair is curly in a very clean way I like it Dark and shiny I wish to see you again sometime
https://newyork.craigslist.org/mnh/mis/d/new-york-met-at-hush-missed-you/7761071488.html,2024-06-27 20:03,"
Met at Hush, missed you (Midtown West) ",40.764342,-73.986869,I am colombian You re Latino too We made out and had some fun and you wanted to come to my home but I wanted to explore a little I had to leave around 2 and I forgot to get your contact info I hope to see you again Write me if you see this You know who you are fellow researcher
https://newyork.craigslist.org/brk/mis/d/brooklyn-last-name-deal/7761010893.html,2024-06-27 16:36,"
Last name Deal? ",40.6816,-73.9798,Outside the Stop and Shop on Atlantic
https://newyork.craigslist.org/brx/mis/d/bronx-riverdale-blond-hunk-on-bike/7760832715.html,2024-06-27 7:54,"
RIVERDALE BLOND HUNK ON A BIKE (Riverdale) ",40.888201,-73.907597,Big blond hunk on a kids bike with butterfly handle bars Maybe 30 ish long blond hair like tarzan
https://newyork.craigslist.org/mnh/mis/d/new-york-woman-meeting-her-parents-for/7760718001.html,2024-06-26 17:57,"
Woman meeting her parents for 50th anniversary (Union Square) ",40.736769,-73.990431,I sat next to you at the uptown Q at Union Square and you were checking to see if your tattoo was covered before meeting your parents for their 50th anniversary in Midtown We re both from Michigan Anyway I meant to hand you my card but was slow on the draw before you got out Coffee
https://newyork.craigslist.org/brk/mis/d/brooklyn-latinx-wizard-on-the-train/7760699529.html,2024-06-26 16:59,"
latinx wizard on the L train (Bedford) (brooklym) ",40.717835,-73.957725,I meant say something and I chickened out
https://newyork.craigslist.org/brk/mis/d/brooklyn-venezuelana-train-from-beach/7760458643.html,2024-06-25 22:13,"
venezuelana - A train from Beach (BROOKLYN) ",40.6784,-73.9211,We were having a nice conversation Pero me despist when you got off the train Wanted to ask for your number
https://newyork.craigslist.org/brk/mis/d/brooklyn-emilia-on-the-train/7760381103.html,2024-06-25 17:12,"
Emilia on the M Train ",40.732486,-73.932495,We had a conversation about Becky Chambers You mentioned similar authors you ve been reading I should have asked for your number but here s a long shot Contact me if you see this
https://newyork.craigslist.org/brk/mis/d/ridgewood-redhead-sitting-next-to-me-on/7760275954.html,2024-06-25 12:37,"
redhead sitting next to me on the L train yesterday around 6pm ",40.7036,-73.8961,do you ever check missed connections
https://newyork.craigslist.org/que/mis/d/elmhurst-am-looking-for-my-afghan-friend/7760161925.html,2024-06-25 1:21,"
I am looking for my Afghan friend (Flushing) ",40.7351,-73.8776,We met at the wedding and lost your number please call me
https://newyork.craigslist.org/que/mis/d/jackson-heights-tattooed-arm/7760129316.html,2024-06-24 21:28,"
Tattooed arm (Elmhurst) ",40.7513,-73.883,Hey I asked you for a pic of your tattoo You asked me what time I finish If you see this write me back and tell me who I was It was so cute
https://newyork.craigslist.org/lgi/mis/d/new-york-traveling-meetup/7760118256.html,2024-06-24 20:36,"
Traveling meetup ",40.73373,-73.98468,I saw you at the Greyhound bus stop in Providence There you were wearing a hat shorts and backpack You spoke to me briefly We parted ways at the NY Port Authority
https://newyork.craigslist.org/que/mis/d/far-rockaway-55-yo-polish-guy-rock/7760087611.html,2024-06-24 18:42,"
55 yo polish guy rock climbing looking for company (Far Rockaway) ",40.6111,-73.768889,I m polish guy rock climbing with favor to share looking for bottom
https://newyork.craigslist.org/mnh/mis/d/brooklyn-1st-floor-cafeteria-nyu-monday/7760084314.html,2024-06-24 18:30,"
1st Floor cafeteria NYU Monday June 24 (Midtown East) ",40.656544,-74.012809,You were sitting with 2 older women 1 in a wheelchair with another girl maybe your sister
https://newyork.craigslist.org/mnh/mis/d/new-york-port-authority-guy-by-escalator/7759906974.html,2024-06-24 10:59,"
Port Authority guy by escalator (Midtown) ",40.7547,-73.9925,In Porth Authority yesterday around 7pm
https://newyork.craigslist.org/que/mis/d/far-rockaway-sj/7759845557.html,2024-06-24 6:17,"
S&J (FR) ",40.6006,-73.758,Wanted to point out that it s unimportant how many times one says move ahead don t live in the past that is for their benefit It s an attempt to not face any truth and honesty The past is every bit a part of today and tomorrow
https://newyork.craigslist.org/brk/mis/d/brooklyn-joes-pizza-park-slope-you-told/7759827833.html,2024-06-24 1:02,"
Joe's Pizza Park Slope, you told me about DJ at Public Records (Park Slope) ",40.6669,-73.9828,I went to Public Records later on Friday nite for the music and hoping I d run into you dark haired woman who spoke to me dark haired woman outside Joe s Pizza on 5th Ave I invited you to sit you said you were on your way to the club
https://newyork.craigslist.org/brk/mis/d/brooklyn-cute-lesbian-in-bar/7759792610.html,2024-06-23 20:57,"
Cute Lesbian in Bar ",40.6907,-73.9274,
https://newyork.craigslist.org/brk/mis/d/brooklyn-girl-at-the-bar-at-the/7759792030.html,2024-06-23 20:53,"
Girl at the bar at the Scotland Soccer game (Williamsburg) ",40.7095,-73.9563,You were sitting at the bar wearing all black We kept making eye contact every few minutes I was with friends sitting in the booth in the front Message me
https://newyork.craigslist.org/mnh/mis/d/new-york-key-food-east-village/7759775137.html,2024-06-23 19:36,"
Key food East Village (East Village) ",40.724269,-73.984837,At the supermarket cashing out you male buying a lot of meat male also
https://newyork.craigslist.org/brk/mis/d/brooklyn-bleach-hair-at-bway-junction/7759765207.html,2024-06-23 18:53,"
bleach hair at bway junction (Broadway Junction) ",40.678513,-73.902283,we just had a cute little eye contact moment across the platform your top jewelry bleached hair combo was rly doing it for me
https://newyork.craigslist.org/brk/mis/d/brooklyn-motorboat-season/7759749184.html,2024-06-23 17:45,"
Motorboat season (Brooklyn) ",40.6907,-73.9274,After seeing all of the beautiful braless women out over the weekend I kind of need to motorboat a woman tonight lol
https://newyork.craigslist.org/brk/mis/d/brooklyn-toe-shoe-arab-guy-at-tashkent/7759736367.html,2024-06-23 16:58,"
5-Toe Shoe Arab Guy at Tashkent Halal Market Saturday Night 6/22 (Coney Island) ",40.5839,-73.9536,You were wearing those 5 toe shoes
https://newyork.craigslist.org/stn/mis/d/staten-island-the-woman-in-the-variety/7759730506.html,2024-06-23 16:36,"
The woman in the variety store (New Springville) ",40.6039,-74.1472,For the woman dressed in white I met in the variety store buying cigarettes I wanted to chat with you more I rushed out the door but you were gone I hope you see this post please contact me if interested
https://newyork.craigslist.org/mnh/mis/d/new-york-im-the-granddad-from-the-train/7759593443.html,2024-06-23 8:26,"
I'm the Granddad from the 1 train this morning (Harlem / Morningside) ",40.8246,-73.9507,You really liked to look of my big belly and I noticed for sure You didnt think I saw but I always pay attention to the guys around me I thought you were moving to make that sorry about that rub against my belly on your way out but you lost your nerve I am available this afternoon after 5 30 or so if you want to come over Im on Riverside near 145th 1 train stop live alone and respect younger guys like you with the courage to explore Anyway hope you see this and think about it
https://newyork.craigslist.org/stn/mis/d/staten-island-us-guys-we-were-gonna/7759568568.html,2024-06-23 1:53,"
us 2 guys we were gonna meet  you work in great kills (great kills) ",40.5518,-74.1526,i lost your contact id like to meet up im free late nights as usual contact me please
https://newyork.craigslist.org/brk/mis/d/brooklyn-blonde-babe-working-at/7759563556.html,2024-06-23 0:50,"
Blonde babe working at Beanmonger Coffee, 2PM on Saturday 6/22 (Gowanus) ",40.6669,-73.9828,You were seated in the back corner I believe you were working on your laptop We locked eyes a few times as I ordered and then again when I came back inside after finishing my drink
https://newyork.craigslist.org/brx/mis/d/bronx-hot-latina-mom-at-wendys-in/7759494221.html,2024-06-22 18:08,"
Hot Latina Mom at Wendy's in Castle Hill Avenue (Clason Point / Soundview) ",40.820805,-73.868766,On Saturday June 22nd at around 3 30 to 4 15 PM I saw this beautiful Hispanic woman at Wendy s in Castle Hill She had dark hair a ponytail dark complexion black shirt and jean shorts Her body is amazing
https://newyork.craigslist.org/que/mis/d/bayside-bourbon-street-bar-girl/7759472433.html,2024-06-22 16:51,"
Bourbon Street bar girl (Bayside) ",40.7627,-73.7745,the most beautiful girl I ve ever seen cute smile
https://newyork.craigslist.org/mnh/mis/d/new-york-friday-night-uptown-bookworm/7759322294.html,2024-06-22 9:40,"
Friday Night / Uptown A / Bookworm Solidarity (Inwood / Wash Hts) ",40.8496,-73.9356,just a quick note to say that i really enjoyed the quiet company of a fellow reader as we rode uptown on the A train last night between the chaos in our car and the random switch to local service at 59th street we had occasion to share silent groans conveying a secret solidarity despite it all i hope you were able to follow the thread of your book you were reading from mcconaghy s once there were wolves i ll confess that my own efforts on this front proved inadequate and that the pages i d consumed cried out later for reprise when you got off at 181 i should have conveyed my appreciation for your company more forthrightly but since i did not and til the next chance arises let this strange note affirm our brief bond
https://newyork.craigslist.org/mnh/mis/d/new-york-we-watched-documentary/7759029866.html,2024-06-21 10:49,"
We watched a documentary premiere alone, together at the 42nd St. AMC (Midtown West) ",40.756646,-73.989036,We met Thursday evening 6 20 briefly as we were leaving the theater after the new Celine Dion documentary I thought you longish hair 5 3 5 5 lighter complexion were stunning You approached me to share some sorely needed and appreciated context about her spouse that was omitted from the documentary which apparently is common knowledge for you Canadians
https://newyork.craigslist.org/mnh/mis/d/new-york-happy-friday-madam/7759000926.html,2024-06-21 9:11,"
Happy Friday Madam (Harlem / Morningside) ",40.8183,-73.9426,Good morning happy Friday 40 year old male from Manhattan looking for somebody nice to chill with if that s you let me know I m 230 lb 511 brown skin looking for somebody with good movie taste and nice conversation
https://newyork.craigslist.org/mnh/mis/d/new-york-lady-in-green-dress-with/7758963811.html,2024-06-21 1:52,"
Lady in green dress with Tribal tattoo on right Arm on A local train (Harlem / Morningside) ",40.816552,-73.947773,I switched wagons and sat next to a Guy there was a blonde Girl in front of me with Obviously Lots of Botox and you switched seats and sat on front of me We both Dressed in all Green so Confidently looked directly in my eyes uff I couldn t take the heat I could feel the passion and to make matters worst you bit your lips and kept looking directly at me
https://newyork.craigslist.org/mnh/mis/d/new-york-woman-on-train-to-babylon/7758957961.html,2024-06-21 0:46,"
Woman on train to Babylon (Midtown) ",40.753007,-73.977127,A woman who was on the train to Babylon in a black dress black heels then wore white sneakers after I was the man sitting across from you if you do happen to see this email me Opportunity missed to say something
https://newyork.craigslist.org/mnh/mis/d/new-york-fathers-day-red-line-from/7758925703.html,2024-06-20 21:12,"
Father's Day red line from Barclay's to Union SQ (Brooklyn) ",40.707573,-74.005108,Sunday Russian speaking lady with an older couple
https://newyork.craigslist.org/mnh/mis/d/new-york-red-line-from-barclays-to/7758923233.html,2024-06-20 20:59,"
Red line from Barclay's to Union SQ ",40.707573,-74.005108,Russian speaking lady with an older couple
https://newyork.craigslist.org/mnh/mis/d/new-york-key-food-east-village/7758870486.html,2024-06-20 17:44,"
Key Food East Village (East Village) ",40.7262,-73.9796,Waiting in line at cashier you behind me in line male we smiled m also Around 9pm
https://newyork.craigslist.org/mnh/mis/d/new-york-madison-sq-park-silver-shoes/7758838134.html,2024-06-20 16:10,"
Madison sq park - silver shoes black blouse (new york) ",40.7375,-73.9813,We didnt even make eye contact but you are one of the most beautiful girls i ve ever seen in my life You were finishing up your lunch i was wearing a white t shirt tan hat blue shorts and red shoes You had on a black outfit and silver pumps Long brown black hair maybe like 5 4 I don t know i ve never done this and i doubt you will ever see this but if you do please respond
https://newyork.craigslist.org/mnh/mis/d/new-york-missed-connection/7758816577.html,2024-06-20 15:12,"
Missed connection (Midtown) ",40.754746,-73.984165,Loooking for stunning lady I seen on Wednesday night
https://newyork.craigslist.org/brk/mis/d/brooklyn-young-woman-in-beige-sandals/7758790022.html,2024-06-20 14:04,"
Young woman in beige sandals on the J train (Brooklyn) ",40.7012,-73.9436,Pretty sure you noticed my eyes locked onto your feet on the morning J train today I was the tall guy seated reading a paperback I m white on the skinnier side late 20s
https://newyork.craigslist.org/brk/mis/d/new-york-lunch-at-12-chairs-cafe-in/7758712791.html,2024-06-20 10:50,"
Lunch at 12 Chairs Cafe in Williamsburg (Williamsburg) ",40.714458,-73.965066,LOOOOONNGGGG shot You were wearing a black bikini top w a white shirt and sitting outside I was wearing all black and sitting outside with my 2 guy friends We kept giving each other the eyes
https://newyork.craigslist.org/mnh/mis/d/new-york-truck-driver/7758623400.html,2024-06-19 22:38,"
Truck Driver (Midtown East) ",40.7571,-73.9657,You were the rather beefy office supplies truck driver making a delivery on E 51st on Monday I m the guy stopped to let you pass on the sidewalk and you winked at me Thank you for that
https://newyork.craigslist.org/brk/mis/d/brooklyn-girl-in-black-cap-and-black/7758589568.html,2024-06-19 19:58,"
Girl in Black Cap and black two piece dress with white trim (Williamsburg) ",40.7134,-73.9516,Is your hat one of these new AI company logos Like a m bius strip or sine waves forming a circle
https://newyork.craigslist.org/mnh/mis/d/new-york-met-yesterday-in-riverside-park/7758587262.html,2024-06-19 19:49,"
Met yesterday in Riverside Park (Upper West Side) ",40.78639,-73.982792,Brief encounter yesterday late afternoon in Riverside Park I was the runner in black shorts you were also dressed in black You parted before I even got your name Can t stop thinking about you and am hoping to see you again
https://newyork.craigslist.org/mnh/mis/d/new-york-maya-at-jakes-dilemma/7758580533.html,2024-06-19 19:23,"
Maya at Jake's Dilemma (Upper West Side) ",40.7864,-73.9764,You were with your white friend but ended up talking to us You were cute and it s too bad I didn t get to talk to you more You were going to give me some Newport recs
https://newyork.craigslist.org/mnh/mis/d/new-york-train-station-bulge/7758577635.html,2024-06-19 19:13,"
Train Station Bulge (Chelsea) ",40.747858,-74.004443,Guy wearing grey pants touching his bulge on 23rd street station Pointing at my mouth to be there I d be happy to do it to that Let me know anytime you want me to do it and I ll do it till you re satisfied whoever you are contact me I can host in Chelsea or travel close by
https://newyork.craigslist.org/brk/mis/d/brooklyn-locd-up-skater-in-flatbush/7758528521.html,2024-06-19 16:32,"
loc’d up skater in flatbush, friday 6/14 (Brooklyn) ",40.6327,-73.9476,Me girl with curly hair and tie dye outfit You tall guy with long locs and skateboard We locked eyes in the crosswalk near Brooklyn college last Friday afternoon but I was too shy to say anything
https://newyork.craigslist.org/brx/mis/d/bronx-girl-with-sandals-and-pink-toes/7758456719.html,2024-06-19 13:24,"
girl with sandals and pink toes (Pelham Parkway) ",40.8465,-73.841,I m looking for this black beauty with the beautiful tight dress sandals and pink toe nails that we made some eye contact as she was getting out of Starbucks I regret I didn t talk to you Please reach out
https://newyork.craigslist.org/mnh/mis/d/new-york-city-cute-brunette-female-on/7758417142.html,2024-06-19 11:49,"
cute brunette (female) on A train at 14th street (manhattan) ",40.7402,-73.9996,You couldn t keep your eyes off my bulge We made quick eye contact smiled and then I had to get off train
https://newyork.craigslist.org/brx/mis/d/new-york-woman-on-the-train/7758383535.html,2024-06-19 10:14,"
Woman on the 6 train (Bronx) ",40.801585,-73.931283,The couple of times I ve seen you we find ourselves staring at eachother I would love to chat
https://newyork.craigslist.org/brk/mis/d/new-york-char/7758370971.html,2024-06-19 9:33,"
Char (Brooklyn) ",40.7262,-73.9796,We met at Max fish we dated for a few months was it 5 months 7 months you lent me your hat I wore it for a time You asked for it back
https://newyork.craigslist.org/stn/mis/d/staten-island-van-brezen-park/7758365606.html,2024-06-19 9:11,"
Van Brezen Park (Varrazano Bridge) ",40.5973,-74.0768,We spoke in the parking lot and I felt a connection
https://newyork.craigslist.org/brk/mis/d/brooklyn-looking-for-my-straight-bud/7758237505.html,2024-06-18 17:54,"
Looking for my straight bud (Park slope) ",40.6669,-73.9828,We met at a bar on 5th av We clicked we were into each other You are straight but curious
https://newyork.craigslist.org/mnh/mis/d/new-york-train-ues-smile/7758175540.html,2024-06-18 15:00,"
Q Train UES smile (Upper East Side) ",40.768803,-73.958362,We were on the Q train uptown you are a beautiful blond wearing a pretty dress You were standing near the door of the train and as you were getting off at 72nd St we caught each others eye I smiled and you smiled back I was the tall gentleman sitting down in a burgundy t shirt and glasses I watched you get off and thought to myself if she turns around to look I ll get off and say hello But you didn t So here we are The slimmest of slim chances but if you see this I d love to chat
https://newyork.craigslist.org/mnh/mis/d/new-york-key-food/7758143988.html,2024-06-18 13:37,"
Key food (East Village) ",40.7262,-73.9796,On 4th street Key food you were the guy at deli counter last night around 9pm Guy here also You are about 5 10 175
https://newyork.craigslist.org/mnh/mis/d/new-york-abingdon-park-monday-evening/7758097809.html,2024-06-18 11:47,"
Abingdon Park Monday evening eye contact and smiles (West Village) ",40.737552,-74.005687,I was sitting on a bench writing in a notebook when you walked through the park You stopped and sat at a bench near me but someone was sitting on a bench in between We glanced and gazed at each other many times smiling but then you left before I could say hi Would love the chance to actually chat You tall grey tee shirt handsome Me black polo handsome
https://newyork.craigslist.org/mnh/mis/d/new-york-latin-construction-worker/7758041597.html,2024-06-18 8:47,"
Latin construction worker, Hudson Yards (Midtown West) ",40.7547,-73.9925,I m a dude and see you there often having lunch in the park We ve smiled and said hi a couple of times Hope you see this
https://newyork.craigslist.org/mnh/mis/d/new-york-jasmine-from-the-corinne/7758004370.html,2024-06-18 0:46,"
Jasmine from the Corinne Bailey Rae concert (Central Park) ",40.773349,-73.968061,I wish I d thought to say can I walk out with you after we took photos of each other when the concert was over
https://newyork.craigslist.org/brk/mis/d/brooklyn-young-looking-for-trans/7758000300.html,2024-06-18 0:11,"
Young M looking for Trans F (Brooklyn) ",40.7095,-73.9563,Young fit male looking for first experience with a trans female curious and want to have a bit of fun Pls send pics if interested will ignore emails without pics
https://newyork.craigslist.org/mnh/mis/d/new-york-cute-guy-at-nowhere/7757989770.html,2024-06-17 22:53,"
Cute guy at Nowhere (East Village) ",40.7313,-73.9892,We chatted at Nowhere on Saturday You work in finance Sorry I left without getting your number Tell me something we talked about so I know it s you
https://newyork.craigslist.org/que/mis/d/astoria-college-asian-guy/7757921184.html,2024-06-17 18:03,"
College Asian Guy ",40.761977,-73.915479,ou were straight curious and used to stop by my place in between your classes or job stuff for encounters at my private GH when I lived downtown and once in Queens You were preppy with khaki pants and cute smile We prob met about 10 times or so We emailed but then they stopped working If this is you reach out
https://newyork.craigslist.org/que/mis/d/maspeth-eye-contact-on-the-q18-bus/7757848990.html,2024-06-17 14:44,"
Eye contact on the Q18 Bus (Maspeth) ",40.7239,-73.8997,We are both men around the same age and we made intense eye contact on the bus I wanted to get off with you but was running late for work Would really like to get off with you next time and I suspect you would like the same
https://newyork.craigslist.org/mnh/mis/d/new-york-beautiful-eyes-summer-dress-on/7757778665.html,2024-06-17 11:57,"
beautiful eyes, summer dress, on F train, you got off on Delancey (Lower East Side) ",40.7262,-73.9796,sunday night june 15 south bound we made eye contact the first time deeply and we kept looking at each other pretending like we weren t you have amber eyes and you were wearing a colorful dress you could be mid 20 s to early 30 s you look really smart we were sitting across from each other I was pretending to read
https://newyork.craigslist.org/mnh/mis/d/new-york-art-girl-with-good-clothes-on/7757771858.html,2024-06-17 11:39,"
Art girl with good clothes on the q train, i was tall wearing alien sunglasses (New York) ",40.7805,-73.9493,Really hope you for some reason check the missed connections board
https://newyork.craigslist.org/mnh/mis/d/new-york-nyc-am-run/7757740473.html,2024-06-17 10:13,"
NYC AM Run (Midtown West) ",40.746672,-74.008241,Caught you twice as we ran by each other you in I believe blond and or dirty blond hair all black with a tank top and tights running on the west side pier That second time i happened to see you thought i saw a smile but could have been my imagination but i possibly smiled back too late as i was jogging going the opposite direction going back uptown on my route
https://newyork.craigslist.org/brx/mis/d/bronx-downtown-train/7757690566.html,2024-06-17 3:15,"
Downtown 4 Train (Bronx) ",40.858368,-73.903908,You are a very handsome guy with nice arms You take the downtown 4 Train every morning from 183rd Street around 6 50am and get off at 86th I m the guy that you normally sit across from or beside If this sounds familiar hit me up let s chat
https://newyork.craigslist.org/mnh/mis/d/new-york-village-pizza-16-m4f/7757676899.html,2024-06-17 0:01,"
Village Pizza  (6/16) M4F (Union Square) ",40.716026,-73.989487,We were both eating pizza in Village Pizza in Union Square yesterday Sunday 6 13 near dusk You are very pretty in your late 30 s or early 40 s me older was speaking on my cellphone We met eyes several times but you left just as I was ending my call If you think this was you or might have been you please contact me You reminded me a lot of my very dear late friend R but please be assured that I value your individuality and am not looking for her clone I am an excellent friend to my friends and would very much like to know you
https://newyork.craigslist.org/mnh/mis/d/new-york-wsp-lawn-cutie/7757669176.html,2024-06-16 22:54,"
Wsp lawn cutie (New York) ",40.7305,-73.9977,I m not sure if this will work but I ve been kicking myself all day for not actually saying anything to you today while we were sitting across from each other in the grass We shared a few looks while we both sat in the sun and I smiled at you as you walked away you re extremely handsome and I d definitely like to go out for lunch with you sometime If this is you tell me what I was wearing You had your shirt off most of the time I hope we can connect
https://newyork.craigslist.org/mnh/mis/d/new-york-you-live-on-roosevelt-island/7757578182.html,2024-06-16 15:15,"
You live on Roosevelt Island and go to the Himalayan Institute (Midtown West) ",40.759164,-73.988391,It s me from that strange magic show in April we were both there with other people we were not totally with I wish it had been possible to talk to you I hope you will see this and drop me a line
https://newyork.craigslist.org/mnh/mis/d/new-york-art-director-from-dc-on-the/7757447466.html,2024-06-15 23:28,"
Art Director from DC, on the M train (Lower East Side) ",40.734766,-73.989873,We met on the M train you asked me for gum and what I was reading I discovered your family works for the CIA I gave you my number I wrote it wrong on the coffee rewards card that I gave to you Last number is 0 not 8 If you look me up by my name and the school that s on the card French you ll find my email
https://newyork.craigslist.org/brk/mis/d/brooklyn-marcy-mjz/7757389306.html,2024-06-15 18:12,"
Marcy MJZ (Brooklyn) ",40.7104,-73.9553,You were on a bench and I was in the train around 6pm If you see this I hope you remember what I was wearing
https://newyork.craigslist.org/mnh/mis/d/new-york-asian-lady-train-today/7757382005.html,2024-06-15 17:43,"
Asian lady D train today (New York) ",40.7588,-73.9748,You were this gorgeous asian lady that i saw on 7th Ave and 53rd st waiting for the D train when i was waiting for the D train as well we both got on the same cart you had a sun hat with a dress and a coffee in your hand with your phone
https://newyork.craigslist.org/brx/mis/d/bronx-at-gamestop-this-morning/7757276085.html,2024-06-15 12:27,"
At GameStop this morning (parkchester) ",40.8434,-73.8602,I was so focused on getting what I was getting that I forgot to ask you for your gamertag also damn your so freaking gorgeous if you ever wanted head on the low or just wanted to linkup and play that game we was talking about hit me up tell me what we was talking about and what I was getting so I no it s really you
https://newyork.craigslist.org/que/mis/d/woodside-my-friend/7757235678.html,2024-06-15 10:32,"
My friend (Woodside) ",40.745,-73.9069,Searching for the good friend I met years ago who started my training but I still need more courses and practice Thank you
https://newyork.craigslist.org/mnh/mis/d/new-york-maddy-at-the-mark/7757176264.html,2024-06-15 1:49,"
Maddy at the Mark (Upper East Side) ",40.7685,-73.9588,Hi
https://newyork.craigslist.org/que/mis/d/astoria-redhead-greek-guy-in-greek-food/7757153023.html,2024-06-14 22:40,"
Redhead Greek guy in Greek food truck (Astoria) ",40.764348,-73.923457,I was walking last week and was looking at menu on the food truck
https://newyork.craigslist.org/mnh/mis/d/new-york-grey-poodle-owner-on-carl/7757132693.html,2024-06-14 20:47,"
Grey Poodle Owner on Carl Schurz Park (Upper East Side) ",40.774527,-73.944297,Three weeks ago I was dog sitting my friend s Weimaraner and walked her to the Carl Shurz dog run You came in with your grey poodle Gorgeous dog I commented on it as you were leaving You mentioned something along the lines of You should have seen him in his earlier glory days earlier I believe you wore an orange shirt and a zip up sweater
https://newyork.craigslist.org/que/mis/d/long-island-city-soy-marica-tengo-hambre/7756958582.html,2024-06-14 12:18,"
Soy marica, tengo hambre (Long Island City Queens) ",40.748129,-73.94228,Hola soy marica Tengo hambre Quiero guevo Solo guevo limpio libre de enfermedades Igual ac Yo hospedo solo para diversi n Despu s nos decimos bye bye
https://newyork.craigslist.org/que/mis/d/long-island-city-need-my-latino-bussy/7756889973.html,2024-06-14 9:06,"
Need my Latino Bussy Opened Slowly (LIC) ",40.748284,-73.94228,I host only Looking for a top bunk man to come open up my Latino bussy slowly I m strictly bottom STD free for same Hosting in LIC
https://newyork.craigslist.org/brk/mis/d/brooklyn-we-met-on-harman-street/7756840750.html,2024-06-14 0:30,"
we met on harman street (bushwick) ",40.7006,-73.918,3
https://newyork.craigslist.org/brk/mis/d/brooklyn-mccarren-park-wanted-to-walk/7756837830.html,2024-06-14 0:05,"
Mccarren Park, I wanted to walk over and say something  ! (Williamsburg) ",40.722179,-73.949866,I male was standing in front of the coffee shop in mccarren wearing a backwards hat you female were laying on the grass in all black with sunglasses I would ve 100 came over and said hello but as you saw I was meeting a friend Hope ya see this
https://newyork.craigslist.org/que/mis/d/brooklyn-hey-john-wilson/7756803935.html,2024-06-13 20:43,"
Hey John Wilson (Ridgewood) ",40.7031,-73.902639,June 13th 8 13 PM You stopped at the intersection of Woodward and Cornelia I was wearing a Zabars hat you were chewing gum We locked eyes Please watch my short documentary it chronicles a young psilocybin mushroom dealer living with his Mom in rural Florida I expect you will find it intriguing Let s grab a drink sometime I live next to Super Pollo Drive safe
https://newyork.craigslist.org/mnh/mis/d/new-york-wasian-woman-on-uptown/7756802439.html,2024-06-13 20:36,"
wasian woman on uptown manhattan M train 11 AM ",40.725345,-73.996439,In pink shirt jean shorts basketball shoes With grey green bag and headphones I was sitting and reading blue shirt black shorts glasses and mustache Never do this sort of thing but you were cute enough that I had to try say hi if you see this
https://newyork.craigslist.org/brk/mis/d/brooklyn-friends-from-theater/7756706713.html,2024-06-13 15:28,"
Friends from theater (Midwood) ",40.5979,-73.9743,I posted a similar message before this one so for some it may seem to be repeating things
https://newyork.craigslist.org/mnh/mis/d/new-york-huntington-to-penn-station/7756432921.html,2024-06-12 17:48,"
Huntington to Penn Station Tuesday June 11th. LIRR (New York) ",40.754221,-73.988371,Hey so yes I saw you across from me on the Huntington train Beautiful white girl red nails nice eyes urgh I m the Spanish guy with the hazel eyes with a black suit on with shiny black shoes Was hard keeping my eyes off you I peeped you looking at me and you was playing with your hair we got off at Penn Station you took the elevator I was about to go on when our eyes locked and you smiled Unfortunately I missed the elevator I hope I get to met you again forreal You the type of women I desire in my life
https://newyork.craigslist.org/que/mis/d/new-york-where-you-looking-at-me-in-the/7756350777.html,2024-06-12 14:04,"
Where you looking at me in the N train? (New York) ",40.7647,-73.9664,We were both in the Q train we got off in the same station and took the same wagon of the N train towards Ditmars Blvd We were a little bit far but after a while you moved closer and I had the impression that you were looking at me it looked like you wanted to talk to me but you discouraged yourself and then got off in Queens Boro Plaza
https://newyork.craigslist.org/brx/mis/d/bronx-bronx-train-233-to-pelham/7756252431.html,2024-06-12 9:58,"
Bronx 2 train 233 to Pelham (Bronx) ",40.9,-73.8622,You got on the train this morning I believe at 233 You were very cute beard glasses wearing a green tee and had your left leg up on the seat I was across from you in a gray tee and got off at Pelham Thought there was a mutual intrest If so hit me up would love to hang out sometime
https://newyork.craigslist.org/stn/mis/d/staten-island-victory-clove-dunkin/7756220129.html,2024-06-12 7:25,"
Victory & Clove Dunkin (Staten Island) ",40.616394,-74.103599,Maybe it was the wrong approach tried the Excuse me you dropped this handed you a note I took this approach to not embarrass you or make you feel uncomfortable as the Dunkin can become crowded
https://newyork.craigslist.org/mnh/mis/d/new-york-post-opera-up-down-from/7756182612.html,2024-06-11 23:27,"
Post-Opera Up-Down from Gorgeous Man (Upper West Side) ",40.772494,-73.983607,We crossed paths on Saturday afternoon as my friend and I were leaving the Met opera at Lincoln Center You complimented me on my outfit and I didn t react fast enough to say more than Thank you You were looking stunning as well I regret not having expressed as much in the moment
https://newyork.craigslist.org/brk/mis/d/brooklyn-looking-at-an-apartment-in/7756164595.html,2024-06-11 21:42,"
Looking at an apartment in cobble hill (Brooklyn) ",40.692739,-73.990002,We arrived to look at an apartment at the same time I was wearing a backpack and an orange hat I wanted to hang back and talk to you more but I had to go see another place Message me the name of the street the apartment were on so I know it s you
https://newyork.craigslist.org/mnh/mis/d/new-york-youre-subway-conductor-and-we/7756160078.html,2024-06-11 21:20,"
You're a subway conductor and we smiled at each other (West Village) ",40.732212,-74.000559,You drove the F train into West 4th today around 7 30pm and caught me looking at you from the platform You acknowledged it with a playful lighthearted energy and I couldn t resist smiling at you as you pulled away Would love to connect
https://newyork.craigslist.org/mnh/mis/d/new-york-trader-joes-we-joked-about/7756157583.html,2024-06-11 21:08,"
Trader joe's we joked about olive oil M4W (Upper West Side) ",40.7764,-73.9827,This was a few months ago but I keep thinking about it They were out of olive oil and I said I guess I gotta make my own and you laughed You were shorter than me and a little bit older with curly hair Longshot but oh well
https://newyork.craigslist.org/mnh/mis/d/new-york-missed-connection-on-downtown/7756084319.html,2024-06-11 16:55,"
Missed Connection on Downtown 6 Tuesday Afternoon (Midtown East) ",40.7571,-73.9657,Downtown 6 train at 59th You and I were on the platform together but I was busy helping someone with directions and didn t get the chance to say hello Then we were on the train together but it was packed and I didn t want to be make you feel awkward You were wearing a navy suit with the jacket over your arm Would love to connect
https://newyork.craigslist.org/mnh/mis/d/new-york-you-work-at-flash/7756079803.html,2024-06-11 16:41,"
You work at flash. (Midtown West) ",40.759299,-73.9885,Aphrodite your waist to hip ratio is ridiculous and face card never declined
https://newyork.craigslist.org/brk/mis/d/brooklyn-woman-in-white-top-with-black/7755991275.html,2024-06-11 12:59,"
Woman in white top with black skirt on 7th ave (Park Slope) ",40.666815,-73.981247,We exchanged a glance as you were crossing 9th street I was frozen on my bike Your smile was electric and your body could start a war You were walking with a man but I m holding out hope he was just a friend
https://newyork.craigslist.org/brk/mis/d/brooklyn-barnes-noble-south-slope-asian/7755787309.html,2024-06-10 18:46,"
Barnes/Noble, South Slope, Asian Girl, Denim Overalls, ""48"" Tattoo (Brooklyn) ",40.6669,-73.9828,Earlier this afternoon I saw you at the Barnes And Noble on 6th Street and 7th Ave in Brooklyn You were checking out the bargain books on Dream Interpretations maybe
https://newyork.craigslist.org/brk/mis/d/brooklyn-bk-bound-train-monday-afternoon/7755775670.html,2024-06-10 18:07,"
BK bound L train Monday afternoon (brooklyn) ",40.7006,-73.918,you sat across from me you were wearing work boots grey denim grey tshirt and you had a purple backpack
https://newyork.craigslist.org/que/mis/d/astoria-eye-contact-in-the-train-friday/7755688692.html,2024-06-10 14:26,"
Eye contact in the N train (Friday) (Astoria) ",40.7554,-73.9254,You tall guy beard blue eyes red notebook You get on the N train at 34th to Astoria sitting almost Infront of me and make eye contact couple of times When I got off the train you gave me the last sight and a smile
https://newyork.craigslist.org/mnh/mis/d/new-york-tall-girl-in-skirt-union/7755598439.html,2024-06-10 10:59,"
Tall girl in skirt Union Square Q Train got off on 42nd street (Union Square) ",40.736005,-73.993617,You were a tall girl in a miniskirt long dark hair I think you had a green belly button ring You were with two friends and got on the Q train at Union Square around 7 45ish on Sunday 6 9 You got off on 42nd street and stopped for a second as you to look back as you were walking up the stairs
https://newyork.craigslist.org/brk/mis/d/brooklyn-coffee-mob/7755488479.html,2024-06-09 21:52,"
Coffee Mob (Ditmas Park) ",40.635933,-73.96248,I was walking out as you were walking in You were late 30s or early 40s woman in blue shorts and a gray tight fitting top You had hair with beautiful grays mixing in I was in a blue tshirt and jeans You were stunning and I should ve turned around and gone back to tell you so
https://newyork.craigslist.org/brk/mis/d/brooklyn-cop-at-kings-hwy-bq-station-at/7755484910.html,2024-06-09 21:33,"
Cop at Kings Hwy BQ station at midnight (Homecrest) ",40.611382,-73.955584,You were walking on the Coney Island bound platform my friend and I were on the manhattan bound platform on Saturday night Sunday morning You looked at us a few times then I waved you smiled and gave me the You were cute and I liked your smile
https://newyork.craigslist.org/mnh/mis/d/new-york-looking-for-nice-guy-met-at/7755414892.html,2024-06-09 16:43,"
Looking for nice guy I met at the park (Inwood / Wash Hts) ",40.753502,-73.980091,I am a young black female looking for the nice man I met at central park who bought me ice cream I was wearing a pink flower dress and you were wearing a blue dress shirt and black dress pants If you see this post please respond
https://newyork.craigslist.org/brk/mis/d/brooklyn-you-lost-your-airpod/7755393110.html,2024-06-09 15:34,"
You lost your airpod (Bed Stuy) ",40.688876,-73.940735,You were stopped in the bike lane I stopped and helped you look for your right air pod I was in the saddest mood of my life but it reminded me there I had kindness left in me We didn t find it Didn t ask for your name you like to lose things and I like finding things
https://newyork.craigslist.org/brk/mis/d/brooklyn-3-train-hoyt-and-beyond/7755226566.html,2024-06-08 23:03,"
2/3 train Hoyt and beyond (Brooklyn) ",40.674205,-73.970218,You were drafting wedding invites for your engaged friends
https://newyork.craigslist.org/brk/mis/d/brooklyn-girl-with-cute-toes-in-sandals/7755176188.html,2024-06-08 18:46,"
Girl with cute toes in sandals thrifting in bushwick today (Brooklyn) ",40.7012,-73.9436,
https://newyork.craigslist.org/mnh/mis/d/new-york-we-locked-eyes-with-each-other/7755157764.html,2024-06-08 17:37,"
We locked eyes with each other ",40.7763,-73.9529,How do you know when a woman is into women locked eyes and a soft smile let me know if you are interested to have a coffee
https://newyork.craigslist.org/mnh/mis/d/new-york-rashi-book-club-23rd-st-6-8pm/7755003888.html,2024-06-08 10:28,"
Rashi, Book Club, 23rd St,  6/6, 8pm (Chelsea) ",40.7402,-73.9996,I had a lovely time chatting with you as we crossed the West Side Highway I never want to presume anything but I regret not giving you my number in case you wanted to meet again
https://newyork.craigslist.org/brk/mis/d/brooklyn-to-the-pretty-girl-on-the/7754944839.html,2024-06-08 2:49,"
To the pretty girl on the L friday night around 2 am (Brooklyn) ",40.6974,-73.9421,Hi I hope you re doing well if you re reading this Sorry if this is super weird also but I just couldn t stop thinking about it We were making eye contact on the train on Friday around 2 am the L train We both got on at the 3rd Ave station and I believe you got off at dekalb or Myrtle If I remember you had blue shorts air pods brownish hair I was wearing a blue shirt with green pants black sambas and a black jean jacket with headphones white we kept smiling at each other and I thought you looked amazing If this maybe reminds you of something I d love to potentially reach out and get to know each other Thanks
https://newyork.craigslist.org/brk/mis/d/brooklyn-in-bed-stuy-did-you-mean-to/7754944157.html,2024-06-08 2:38,"
B in bed-stuy — did you mean to leave the chat? (bed-stuy) ",40.687637,-73.944765,we were chatting on feeld and I thought our conversation was pretty great honestly I know people unmatch leave chats all the time for so many reasons but it really surprised me when I went back to our chat to find you had left it you d just asked me out and I d said yes
https://newyork.craigslist.org/mnh/mis/d/new-york-enjoyable-ride-and-chat/7754940118.html,2024-06-08 1:45,"
Enjoyable Ride and Chat (Harlem / Morningside) ",40.8583,-73.9296,We shared an Uber going uptown You are an Ivy event planner and a terrific woman I would be pleased to hear from you
https://newyork.craigslist.org/brx/mis/d/new-york-west-145th-in-the-rain/7754924585.html,2024-06-07 23:30,"
West 145th in the rain (West Harlem) ",40.8271,-73.944,Traded heys and backward glances as we passed on the hill
https://newyork.craigslist.org/mnh/mis/d/new-york-to-the-cute-guy-at-sophie/7754792355.html,2024-06-07 15:24,"
to the cute guy at Sophie concert / Webster Hall (Manhattan) ",40.731323,-73.988613,You were the cute guy from Connecticut at the Sophie concert at Webster hall I was the shy guy who kept looking at you and was hoping to talk to you after the concert But you and your friend left super quickly
https://newyork.craigslist.org/mnh/mis/d/new-york-saw-you-on-the-then-you-said/7754779546.html,2024-06-07 14:52,"
Saw You on the L, then You Said Hi to me Hours Later in Soho (SoHo) ",40.7255,-73.9983,I thought you were someone I talk to on Fetlife as you seemed to be staring at me But maybe it was because I was staring at you Then later you were with work people and passed me on Prince Street and said Hi Who are you
https://newyork.craigslist.org/mnh/mis/d/new-york-woman-named-lucia-mozart/7754703599.html,2024-06-07 11:57,"
A woman named Lucia & Mozart Requiem (Manhattan, New York) ",40.7764,-73.9827,Lincoln Center New York Philharmonic
https://newyork.craigslist.org/brx/mis/d/bronx-blonde-scottich-bloke-looking-for/7754634874.html,2024-06-07 8:25,"
Blonde Scottich bloke looking for a playmate (Bronx) ",40.897838,-73.911358,Just moved to Riverdale a few months ago Looking for a mate to play outdoors We have so many nice parks like Wave Hill Van Cortlandt Park etc Riverdale Park is amazing place for outdoor adventures Blonde hairy lean 35y
https://newyork.craigslist.org/stn/mis/d/staten-island-miss-conn-on-bus/7754628581.html,2024-06-07 7:48,"
Miss Conn on Bus (SI) ",40.6039,-74.1472,Good day to all I was on the express bus in search of the guy that pushed by me getting off the SIM 4X You turned and winked and had great guy scent Thought I would see you again I had on dress pants and polo Buzz cut and beard you had on joggers also with a beard I am Also open to other guys replying
https://newyork.craigslist.org/mnh/mis/d/new-york-sunday-consult-for-patient/7754529965.html,2024-06-06 19:07,"
Sunday consult for a patient with spots ",40.74124,-73.975164,I asked you about all the running around you d done that day and you asked me to watch your stuff after visually impairing me I thought you were cute and seemed smart and caring When I got home I wished I d been bolder though I m not sure if it s allowed If you d like to get coffee reach out If not enjoy the compliment And if you aren t sure if this is for you you said my eyes were light like yours and I later might have threatened to strew your stuff around the unit
https://newyork.craigslist.org/que/mis/d/rego-park-bricklayer-test/7754460363.html,2024-06-06 15:39,"
Bricklayer Test (Queens) ",40.726962,-73.853721,Thought I d throw this out there Thought you were absolutely gorgeous dont like to bother somebody in public im also shy but if this peeks your curiosity i will respond
https://newyork.craigslist.org/mnh/mis/d/new-york-cheers/7754271671.html,2024-06-06 2:11,"
Cheers (Gramercy) ",40.735072,-73.98468,what would ve been in 2 weeks 1 day is gnawing at my heart I love you infinitely Wherever you are happy 9 years
https://newyork.craigslist.org/mnh/mis/d/new-york-tall-met-tall-h2o-and-all/7754247822.html,2024-06-05 22:45,"
Tall met tall - H2O and all (Midtown West) ",40.74844,-73.996196,Water on both our minds I guess when it rains it pours because lucky me you decided to switch floors Elevator ride to heaven with a beauty Glass in hand but I ll bet you re unbreakable Regretting passing up on our water date I should have took the time to take
https://newyork.craigslist.org/brk/mis/d/brooklyn-train-curly-red-hair/7754246588.html,2024-06-05 22:37,"
M train curly red hair (Brooklyn) ",40.7067,-73.953,U felt that I hope you see this
https://newyork.craigslist.org/brk/mis/d/new-york-solomons-on-the/7754200999.html,2024-06-05 19:17,"
solomons on the L (somewhere between union sq and williamsburg) ",40.715167,-73.971806,dear beautiful man on the L train in the white solomons this evening I hope you got your eye drops sorted out
https://newyork.craigslist.org/brk/mis/d/brooklyn-train-eye-contact/7754184712.html,2024-06-05 18:19,"
M Train eye contact? (Bushwick/Ridgewood) ",40.704327,-73.902626,Wednesday at like 5 30 from Delancey Essex ish until you got off at Forest we kept making eye contact
https://newyork.craigslist.org/stn/mis/d/staten-island-nyc-ferry-ride-to-st/7754173045.html,2024-06-05 17:42,"
NYC Ferry Ride to St. George (Staten Island) ",40.645108,-74.073177,Hey we were on the 5 03 PM ferry going to St George Wed June 5 which arrived around 5 20 PM I noticed you and gave you a big smile and every time you looked back I couldn t help but continue to smile at you You then stepped out and took your bike from under the stairs and I let you pass before I walked through the door We kept making eye contact as we were on the ramp then on the sidewalk and you rode your bike into the parking garage but before you got in we both gave each other some good hard looks and smiles
https://newyork.craigslist.org/brk/mis/d/brooklyn-church-ave-train/7754157921.html,2024-06-05 16:57,"
Church Ave G Train (Brooklyn) ",40.726327,-73.93701,I sat next to you last night around 8 30pm on a Church Ave G train I got on at Nassau and you got off at Clinton Washington You were wearing black clifton hokas and an all black fit I was wearing a grayish dress and a white button down
https://newyork.craigslist.org/mnh/mis/d/new-york-late-afternoon-flirting/7754138976.html,2024-06-05 16:06,"
Late afternoon flirting (Astor pl  & 3rd Ave weds aft) ",40.7297,-73.9902,You flipped your hair as we made eye contact at about 3 15 pm today W
https://newyork.craigslist.org/que/mis/d/new-york-dumbo-house/7753989743.html,2024-06-05 9:45,"
Dumbo house (Brooklyn) ",40.703572,-74.009836,We chatted at dumbo house u guy from Guinea I left before we could exchange numbers If u find this tell me what country I m from
https://newyork.craigslist.org/brx/mis/d/bronx-to-the-mta-bx9-bus-driver-tues-04/7753923025.html,2024-06-04 23:30,"
To the MTA Bx9 Bus Driver Tues 6/04 around 8:15pm (Bronx) ",40.8798,-73.9067,This seems like a long shot but putting this out in case someone out there knows who you are or maybe have access to the schedule of MTA drivers working this route to pass on the message
https://newyork.craigslist.org/brk/mis/d/brooklyn-tall-brunette-in-white-shirt/7753922183.html,2024-06-04 23:25,"
Tall brunette in a white shirt standing at the bar at Bernies (Brooklyn) ",40.7233,-73.9509,Tuesday night you were standing there with friends I was standing there with friends and we made eyes a few times At some point you left but I think your friends stuck around to eat I was in a tan jacket Would so love to connect if we can
https://newyork.craigslist.org/mnh/mis/d/new-york-most-beautiful-ethiopian-lady/7753907605.html,2024-06-04 21:57,"
Most Beautiful Ethiopian Lady (Union Square) ",40.7484,-73.9967,
https://newyork.craigslist.org/que/mis/d/ridgewood-sunday-night-in-dive-bar/7753900849.html,2024-06-04 21:23,"
sunday night in a dive bar (ridgewood) ",40.7036,-73.8961,i caught you absolutely dominating the pool table we exchanged some friendly small talk but when i asked what you did for work you said that you make sick beats and then you told me to find me on craigslist missed connections to listen to those sick beats
https://newyork.craigslist.org/que/mis/d/brooklyn-locked-eyes-twice-a-friendly/7753882035.html,2024-06-04 20:06,"
locked eyes twice w/ a friendly smile (Brooklyn) ",40.7044,-73.9215,you know who you are you were wearing a blue argentina jersey i was on the phone getting out of my car you walked passed and removed your jersey as you walked by was like a movie lol friendly smile should have said hi or asked where you were going message me
https://newyork.craigslist.org/que/mis/d/long-island-city-beautiful-flower-dress/7753853925.html,2024-06-04 18:25,"
Beautiful flower Dress (Queensboro Plaza) ",40.7446,-73.9345,You Always make my day when u pass by my Work Place and we lock eyes Smile wave But would love to connect just don t know if you ll see this
https://newyork.craigslist.org/mnh/mis/d/new-york-fit-german-man-running-at/7753775983.html,2024-06-04 14:50,"
Fit German man running at Riverside Park looking for a playmate (Upper East Side) ",40.782329,-73.987105,Fit German man running at Riverside Park looking for a playmate today at 6pm Cinder running track at West 73 Street Riverside Park Men s lough nearby
https://newyork.craigslist.org/mnh/mis/d/new-york-friendly-veteran-uptown-c/7753749155.html,2024-06-04 13:43,"
Friendly Veteran Uptown A/C platform 14th street (West Village) ",40.737299,-73.99704,Saturday afternoon My neck hurt and we started chatting would love to continue the conversation
https://newyork.craigslist.org/brk/mis/d/brooklyn-gluten-free-girl/7753651267.html,2024-06-04 9:34,"
Gluten Free Girl? (Brooklyn) ",40.676595,-73.902283,Met you once Felt like there was a lot more to explore My lack of knowledge regarding certain political figures was embarrassing but you didn t bat an eye It s been years in the making Hoping or perhaps even praying that you see this I remember you were a big Ravens fan also Really cool you like that team Lastly you kept mentioning you wanted to celebrate father s day with me Wasn t exactly sure what that meant but always happy to celebrate for Holidays
https://newyork.craigslist.org/que/mis/d/astoria-train-astoria-broadway-stop/7753615355.html,2024-06-04 5:34,"
W train Astoria Broadway stop ",40.7608,-73.9295,I should have helped you with your suitcase at the broadway stop I was about to ask you but you brought it down yourself and you clearly didn t need help I said to myself never mind she got it lol You were wearing adidas and a black sweatshirt Not sure if you are visiting or what but would love to connect You are absolutely beautiful
https://newyork.craigslist.org/mnh/mis/d/new-york-beautiful-asian-girl-getting/7753521060.html,2024-06-03 18:45,"
Beautiful Asian girl getting off at 14th street (Union Square) ",40.7443,-73.9781,You were a beautiful Asian girl who I kept starring at I was going to sit next to you and ask for your number but you were speaking to your girl
https://newyork.craigslist.org/brk/mis/d/brooklyn-roller-blader-fri-evening/7753351146.html,2024-06-03 11:30,"
Roller blader Fri. evening (Brooklyn) ",40.679,-73.9644,There was this guy roller blading up Vanderbilt into Prospect Park Friday 5 31 evening I was on my bike and noticed him racing up Vanderbilt towards Myrtle He was fast and powerful I was impressed I passed him but then we reconvened in Prospect Park briefly I should have looked over and said something If this is you and you remember anything about what I m describing hit me up
https://newyork.craigslist.org/brk/mis/d/brooklyn-mccarren-park-hook-up/7753323800.html,2024-06-03 10:19,"
McCarren Park Hook Up ",40.7272,-73.9498,m4m we went to the McCarren Park after Animal on Saturday to hang out Tell me what I was wearing to prove it was you Let s do it again
https://newyork.craigslist.org/stn/mis/d/staten-island-paradise-island/7753308362.html,2024-06-03 9:32,"
Paradise island (Staten island) ",40.6039,-74.1472,You were the beautiful trans woman sitting at the bar we couldn t stop looking at eachother tell me why we were there so I ll know it s you
https://newyork.craigslist.org/mnh/mis/d/new-york-another-guy-met-at-yoga/7753283787.html,2024-06-03 7:33,"
Another guy met at yoga (Manhattan) ",40.7443,-73.9781,I m a guy hoping to get together with guy that goes to same yoga classes Wednesday and Sunday nights Email if you see this
https://newyork.craigslist.org/brk/mis/d/brooklyn-artsy-swf-spotted-tall-slim/7753276920.html,2024-06-03 6:23,"
artsy swf spotted tall/slim long haired bearded white guy near BQE (Williamsburg, Brooklyn) ",40.7095,-73.9563,You are just my type lol
https://newyork.craigslist.org/brk/mis/d/brooklyn-searching/7752767341.html,2024-06-01 12:12,"
searching (East new york) ",40.6705,-73.894,33 6 foot 195 lbs of muscle Very healthy and clean construction dude here looking for the beautiful girl that gets off Atlantic ave station every morning around 6 30 AM
https://newyork.craigslist.org/mnh/mis/d/new-york-we-shared-bus-ride-home/7752653890.html,2024-06-01 0:26,"
We Shared a Bus Ride Home (Upper East Side) ",40.7685,-73.9588,You wore black and white or cream
https://newyork.craigslist.org/mnh/mis/d/new-york-saw-beautiful-bottom-in-the/7752715171.html,2024-06-01 9:47,"
saw a BEAUTIFUL BOTTOM in the east Village (Greenwich Village) ",40.7313,-73.9892,You were on 8th street we looked at easch other
https://newyork.craigslist.org/brk/mis/d/brooklyn-asian-woman-in-the-yellow/7752946683.html,2024-06-01 21:23,"
Asian woman in the yellow dress on the C, from Times Sq to Jay St. (Brooklyn) ",40.694,-73.9903,You were sitting in the corner two of your friends were sitting opposite you The three of you were loud we were sitting diagonally opposite I was reading my book You looked beautiful in a yellow sundress I think we locked eyes for a few moments until we parted in opposite ways at Metrotech If you would like to get a drink or coffee LMK what color my shirt or the book I was reading was
https://newyork.craigslist.org/brk/mis/d/brooklyn-psfc-check-out-convo/7753023583.html,2024-06-02 9:43,"
PSFC Check Out Convo (Park Slope) ",40.6669,-73.9828,I was working a checkout shift and we talked about seeing I Saw the TV Glow would have loved to talk with you longer
https://newyork.craigslist.org/mnh/mis/d/new-york-you-kept-apace-mistook-your/7753117564.html,2024-06-02 14:38,"
You kept apace, I mistook your face (Nolita / Bowery) ",40.724136,-73.992604,I was in a taxi driving up Houston Street yesterday late afternoon and you were riding your bike alongside us keeping apace You looked so strikingly similar to a former flame that I called out his name You turned and we locked eyes laughed and you asked me how I was doing As we sped off in different directions I felt rattled by uncertainty bewildered by the improbability of it all So today I confirmed that you were in fact a stranger and this was a case of imaginative mistaken identity
https://newyork.craigslist.org/mnh/mis/d/new-york-connect-on-bus/7754628730.html,2024-06-07 7:49,"
Connect on bus (Midtown) ",40.7484,-73.9967,Good day to all I was on the express bus in search of the guy that pushed by me getting off the express bus You turned and winked and had great guy scent Thought I would see you again I had on dress pants and polo Buzz cut and beard you had on joggers also with a beard I am Also open to other guys replying
https://newyork.craigslist.org/mnh/mis/d/new-york-guy-qtrain-86-2nd-lost-contact/7754634759.html,2024-06-07 8:24,"
Guy Qtrain 86/2nd - lost contact ",40.791584,-73.940392,We met on 86 2nd Q train late I was the oldergenwhite guy you were the mex latinoblatino guy we went back to my place but I lost your number Interested in meeting again Contact me please
https://newyork.craigslist.org/mnh/mis/d/new-york-where-are-you/7758162911.html,2024-06-18 14:26,"
Where are you (Upper East Side) ",40.7763,-73.9529,Normal guy looking for a buddy who s into exploring new interesting activities on the UES
https://newyork.craigslist.org/mnh/mis/d/new-york-amtrak-moynihan-elevator/7758242782.html,2024-06-18 18:10,"
Amtrak Moynihan Elevator (New York) ",40.7511,-73.995173,Girl on the platform
https://newyork.craigslist.org/brx/mis/d/new-york-ranhee-at-work/7758349269.html,2024-06-19 7:38,"
Ranhee at work (New York) ",40.7457,-73.9901,We work together I think you are hot I think you might like me also we flirt a lot at work and would like to know you better Hope you see this or someone you know sees this
https://newyork.craigslist.org/mnh/mis/d/new-york-amtrak-135-kingston-to-nyp/7759769234.html,2024-06-23 19:10,"
Amtrak 135 Kingston to nyp (Midtown) ",40.756149,-74.004865,Guy in Yankees hat riding the northeast regional from Kingston to NYP I sat behind you and wanted to say something but was with family then I chickened out when we were heading to the subway at the same time Unlikely you ll see this but had to try
https://newyork.craigslist.org/mnh/mis/d/new-york-the-black-woman-in-manhattan/7759816909.html,2024-06-23 23:27,"
The black woman in Manhattan (Midtown) ",40.7484,-73.9967,I m the white guy you talked to last week we talked about meeting up in the city going to restaurants movies live music hanging out at the beach things like that I m 65 5 6 average weight with semi long blond hair hope you or someone can get back to me
https://newyork.craigslist.org/mnh/mis/d/new-york-you-were-coming-out-of-the/7760494782.html,2024-06-26 4:22,"
You were coming out of the true value hardware store (Upper East Side) ",40.7685,-73.9588,You were coming out of the true value hardware store you were wearing a red hat and red sneakers you were an older black man and you commented on t shirt and said I looked familiar And said you liked my shorts thanks And I think I remember we used to hang out a while back and go to my place to hang let me know if this was you Thanks
https://newyork.craigslist.org/stn/mis/d/staten-island-walgreens-hylan-blvd/7760506355.html,2024-06-26 7:15,"
Walgreens hylan blvd (Staten island) ",40.5973,-74.0768,Seen you a few times ur Asian hot female dress very nice love ur hair aNd nails u drive a white Ford explorer I believe ur name is linda I was the fireman that use to do the inspections at ur school get in touch
https://newyork.craigslist.org/brk/mis/d/brooklyn-train-nirvana-live-1993-shirt/7760515298.html,2024-06-26 8:18,"
J train Nirvana live 1993 t shirt (Brooklyn) ",40.7082,-73.9576,I saw you on J train with Nirvana live 1993 t shirt you very beautiful woman
https://newyork.craigslist.org/mnh/mis/d/new-york-for-the-beautiful-latina-the/7760758361.html,2024-06-26 20:24,"
For the beautiful Latina the needed assistance ",40.7597,-73.9918,I wanted to help you out with your situation Hit me up and let s discuss
https://newyork.craigslist.org/brk/mis/d/brooklyn-conversation-in-bar/7760792664.html,2024-06-26 23:33,"
Conversation in a Bar ",40.6907,-73.9274,So a group of Bible beaters tried judging me by THEIR standards so I kindly told them Your religion limits YOU from doing certain things not me So let me eat this girl s ass and drink this Henny in peace
https://newyork.craigslist.org/brk/mis/d/brooklyn-soccer-chick/7760984236.html,2024-06-27 15:23,"
Soccer chick (Brooklyn) ",40.6467,-73.957,Soccer chick in black and white shoes we practiced Monday a lil bit wasn t able to get your number lmk if you d like to practice again